Nome;Telefone_E164;Telefone_Formatado;DDD;Segmento;Nicho_TI;Salvo_Na_Agenda;Nome_Agenda;Nome_Perfil_WhatsApp
"2W Delivery";"5511939299522";"(11) 93929-9522";"11";"Empresa / B2B";"Automotivo, Construção, Indústria & Logística";"Não";"2W Delivery";""
"Absolux Jeans";"5511983679121";"(11) 98367-9121";"11";"Empresa / B2B";"Comércio, Lojas & Gastronomia";"Não";"Absolux Jeans";""
"Ag. Novo Crescimento - Natalia Costa";"5511971222139";"(11) 97122-2139";"11";"Empresa / B2B";"Agências, Mídia, Gráficas & Tecnologia";"Não";"Ag. Novo Crescimento - Natalia Costa";""
"Agatha's Cabelos";"5511959614502";"(11) 95961-4502";"11";"Empresa / B2B";"Educação, Beleza, Fitness & Eventos";"Não";"Agatha's Cabelos";""
"Agência de Marketing Digital";"5519994041785";"(19) 99404-1785";"19";"Empresa / B2B";"Agências, Mídia, Gráficas & Tecnologia";"Não";"Agência de Marketing Digital";""
"Agência Passeios no Paraíso";"5512991899071";"(12) 99189-9071";"12";"Empresa / B2B";"Agências, Mídia, Gráficas & Tecnologia";"Não";"Agência Passeios no Paraíso";""
"Águia school";"5511956367111";"(11) 95636-7111";"11";"Empresa / B2B";"Educação, Beleza, Fitness & Eventos";"Não";"Águia school";""
"Akuna Studio";"5511960665435";"(11) 96066-5435";"11";"Empresa / B2B";"Educação, Beleza, Fitness & Eventos";"Não";"Akuna Studio";""
"ALBINOS SOBRANCELHAS";"5511944840745";"(11) 94484-0745";"11";"Empresa / B2B";"Educação, Beleza, Fitness & Eventos";"Sim";"ALBINOS SOBRANCELHAS";""
"Alex Leme o seu corretor de imóveis";"5511997966182";"(11) 99796-6182";"11";"Empresa / B2B";"Escritórios, Jurídico, Imobiliárias & Gestão";"Não";"Alex Leme o seu corretor de imóveis";""
"Alex vidro";"5511971131976";"(11) 97113-1976";"11";"Empresa / B2B";"Automotivo, Construção, Indústria & Logística";"Sim";"Alex vidro";""
"Alfa | Safra Financeira";"551126509900";"(11) 2650-9900";"11";"Empresa / B2B";"Escritórios, Jurídico, Imobiliárias & Gestão";"Não";"Alfa | Safra Financeira";""
"Aline Estética Avançada";"5519981572668";"(19) 98157-2668";"19";"Empresa / B2B";"Educação, Beleza, Fitness & Eventos";"Não";"Aline Estética Avançada";""
"Ambulatório BRG";"5511989916300";"(11) 98991-6300";"11";"Empresa / B2B";"Saúde, Clínicas & Consultórios";"Sim";"Ambulatório BRG";""
"Ana Julia Web Studio";"5511980578182";"(11) 98057-8182";"11";"Empresa / B2B";"Agências, Mídia, Gráficas & Tecnologia";"Não";"Ana Julia Web Studio";""
"Andrade Alianças e Joias";"551131059306";"(11) 3105-9306";"11";"Empresa / B2B";"Comércio, Lojas & Gastronomia";"Não";"Andrade Alianças e Joias";""
"Anninha Moda Feminina";"5511986934266";"(11) 98693-4266";"11";"Empresa / B2B";"Comércio, Lojas & Gastronomia";"Sim";"Anninha Moda Feminina";""
"Aquarela Loja";"5511975527616";"(11) 97552-7616";"11";"Empresa / B2B";"Comércio, Lojas & Gastronomia";"Não";"Aquarela Loja";""
"Aquino Móveis";"5511963089477";"(11) 96308-9477";"11";"Empresa / B2B";"Comércio, Lojas & Gastronomia";"Sim";"Aquino Móveis";""
"Ariel Campos Nails";"5511951429682";"(11) 95142-9682";"11";"Empresa / B2B";"Educação, Beleza, Fitness & Eventos";"Não";"Ariel Campos Nails";""
"Assessoria Andressa";"5511952884141";"(11) 95288-4141";"11";"Empresa / B2B";"Escritórios, Jurídico, Imobiliárias & Gestão";"Não";"Assessoria Andressa";""
"Atendimento Imperium dos Brindes";"5511981771573";"(11) 98177-1573";"11";"Empresa / B2B";"Comércio, Lojas & Gastronomia";"Não";"Atendimento Imperium dos Brindes";""
"Auto Direção Certa";"5511942692900";"(11) 94269-2900";"11";"Empresa / B2B";"Automotivo, Construção, Indústria & Logística";"Não";"Auto Direção Certa";""
"Auto Escola Bragança";"5511941120222";"(11) 94112-0222";"11";"Empresa / B2B";"Automotivo, Construção, Indústria & Logística";"Não";"Auto Escola Bragança";""
"Auto escola Elite";"5511972751413";"(11) 97275-1413";"11";"Empresa / B2B";"Automotivo, Construção, Indústria & Logística";"Não";"Auto escola Elite";""
"Autoescola Líder";"5511955553659";"(11) 95555-3659";"11";"Empresa / B2B";"Automotivo, Construção, Indústria & Logística";"Não";"Autoescola Líder";""
"Aygo Digital | Matheus Okazaki";"5519998983432";"(19) 99898-3432";"19";"Empresa / B2B";"Agências, Mídia, Gráficas & Tecnologia";"Não";"Aygo Digital | Matheus Okazaki";""
"Bazar Santos";"5511953812950";"(11) 95381-2950";"11";"Empresa / B2B";"Comércio, Lojas & Gastronomia";"Não";"Bazar Santos";""
"Beatriz Agenzzia";"5519984504160";"(19) 98450-4160";"19";"Empresa / B2B";"Agências, Mídia, Gráficas & Tecnologia";"Não";"Beatriz Agenzzia";""
"Bemdito Burger - Hamburgueria";"5511930521518";"(11) 93052-1518";"11";"Empresa / B2B";"Comércio, Lojas & Gastronomia";"Não";"Bemdito Burger - Hamburgueria";""
"Beto Pizzas";"5511982448637";"(11) 98244-8637";"11";"Empresa / B2B";"Comércio, Lojas & Gastronomia";"Sim";"Beto Pizzas";""
"Big Club Shop";"5511997811252";"(11) 99781-1252";"11";"Empresa / B2B";"Comércio, Lojas & Gastronomia";"Não";"Big Club Shop";""
"Brasil Moto Elétrica";"5519974131386";"(19) 97413-1386";"19";"Empresa / B2B";"Automotivo, Construção, Indústria & Logística";"Não";"Brasil Moto Elétrica";""
"BronzeArt Bronzeamento Artificial";"5511988642584";"(11) 98864-2584";"11";"Empresa / B2B";"Educação, Beleza, Fitness & Eventos";"Não";"BronzeArt Bronzeamento Artificial";""
"Bruna Compacta Print";"5511977890110";"(11) 97789-0110";"11";"Empresa / B2B";"Agências, Mídia, Gráficas & Tecnologia";"Não";"Bruna Compacta Print";""
"Bruna Vieira Representante Comercial";"5511912173468";"(11) 91217-3468";"11";"Empresa / B2B";"Comércio, Lojas & Gastronomia";"Não";"Bruna Vieira Representante Comercial";""
"Bruno Barber";"5511974431918";"(11) 97443-1918";"11";"Empresa / B2B";"Educação, Beleza, Fitness & Eventos";"Sim";"Bruno Barber";""
"Burguer's House";"5511934302187";"(11) 93430-2187";"11";"Empresa / B2B";"Comércio, Lojas & Gastronomia";"Não";"Burguer's House";""
"Camade 3d";"5511915594869";"(11) 91559-4869";"11";"Empresa / B2B";"Agências, Mídia, Gráficas & Tecnologia";"Não";"Camade 3d";""
"Camila Psicóloga";"5511982825148";"(11) 98282-5148";"11";"Empresa / B2B";"Saúde, Clínicas & Consultórios";"Sim";"Camila Psicóloga";""
"Cartorio";"5511987547268";"(11) 98754-7268";"11";"Empresa / B2B";"Escritórios, Jurídico, Imobiliárias & Gestão";"Não";"Cartorio";""
"Casa Ser Dorinha Psicóloga";"551125557090";"(11) 2555-7090";"11";"Empresa / B2B";"Saúde, Clínicas & Consultórios";"Sim";"Casa Ser Dorinha Psicóloga";""
"Celso Burger vagas";"5511913465126";"(11) 91346-5126";"11";"Empresa / B2B";"Comércio, Lojas & Gastronomia";"Sim";"Celso Burger vagas";""
"Celta Containers";"5511910384525";"(11) 91038-4525";"11";"Empresa / B2B";"Automotivo, Construção, Indústria & Logística";"Não";"Celta Containers";""
"Centro Médico Bragantino";"5511966173914";"(11) 96617-3914";"11";"Empresa / B2B";"Saúde, Clínicas & Consultórios";"Sim";"Centro Médico Bragantino";""
"Chalés e Pousada Pé da Canastra";"553528880063";"(35) 2888-0063";"35";"Empresa / B2B";"Educação, Beleza, Fitness & Eventos";"Não";"Chalés e Pousada Pé da Canastra";""
"Churrascaria Glória";"5511910764504";"(11) 91076-4504";"11";"Empresa / B2B";"Comércio, Lojas & Gastronomia";"Não";"Churrascaria Glória";""
"Cléo Escola";"5511954872146";"(11) 95487-2146";"11";"Empresa / B2B";"Educação, Beleza, Fitness & Eventos";"Sim";"Cléo Escola";""
"Clínica Bragança";"5511966013108";"(11) 96601-3108";"11";"Empresa / B2B";"Saúde, Clínicas & Consultórios";"Não";"Clínica Bragança";""
"Clinica Bragança Whats";"5511963347334";"(11) 96334-7334";"11";"Empresa / B2B";"Saúde, Clínicas & Consultórios";"Sim";"Clinica Bragança Whats";""
"Clinica Crescer";"5511911225819";"(11) 91122-5819";"11";"Empresa / B2B";"Saúde, Clínicas & Consultórios";"Não";"Clinica Crescer";""
"Clínica Dessico";"5511943042333";"(11) 94304-2333";"11";"Empresa / B2B";"Saúde, Clínicas & Consultórios";"Sim";"Clínica Dessico";""
"Conbrazil Comercial";"551941035600";"(19) 4103-5600";"19";"Empresa / B2B";"Comércio, Lojas & Gastronomia";"Não";"Conbrazil Comercial";""
"Conserta Smart Bragança Pta";"5511960578014";"(11) 96057-8014";"11";"Empresa / B2B";"Agências, Mídia, Gráficas & Tecnologia";"Não";"Conserta Smart Bragança Pta";""
"Constru Arte";"5511912879803";"(11) 91287-9803";"11";"Empresa / B2B";"Automotivo, Construção, Indústria & Logística";"Não";"Constru Arte";""
"Construtora Metrocasa 3C+";"551154672303";"(11) 5467-2303";"11";"Empresa / B2B";"Automotivo, Construção, Indústria & Logística";"Não";"Construtora Metrocasa 3C+";""
"Contante Administradora de Condomínio";"551142154581";"(11) 4215-4581";"11";"Empresa / B2B";"Escritórios, Jurídico, Imobiliárias & Gestão";"Não";"Contante Administradora de Condomínio";""
"Corretor João Coelho";"5511911770337";"(11) 91177-0337";"11";"Empresa / B2B";"Escritórios, Jurídico, Imobiliárias & Gestão";"Não";"Corretor João Coelho";""
"CRB Imagem";"551144817600";"(11) 4481-7600";"11";"Empresa / B2B";"Saúde, Clínicas & Consultórios";"Sim";"CRB Imagem";""
"Credicitrus Jurídica";"5511932952906";"(11) 93295-2906";"11";"Empresa / B2B";"Escritórios, Jurídico, Imobiliárias & Gestão";"Não";"Credicitrus Jurídica";""
"Crisley Nails Studio";"5511972799981";"(11) 97279-9981";"11";"Empresa / B2B";"Educação, Beleza, Fitness & Eventos";"Sim";"Crisley Nails Studio";""
"Cross experince Parque Brasil";"5511970847468";"(11) 97084-7468";"11";"Empresa / B2B";"Educação, Beleza, Fitness & Eventos";"Não";"Cross experince Parque Brasil";""
"Curso Objetivo Tatuapé";"5511945784350";"(11) 94578-4350";"11";"Empresa / B2B";"Educação, Beleza, Fitness & Eventos";"Não";"Curso Objetivo Tatuapé";""
"Dani Dentista";"5511971747024";"(11) 97174-7024";"11";"Empresa / B2B";"Saúde, Clínicas & Consultórios";"Sim";"Dani Dentista";""
"Daniel Porto Consórcio";"5512991812497";"(12) 99181-2497";"12";"Empresa / B2B";"Escritórios, Jurídico, Imobiliárias & Gestão";"Não";"Daniel Porto Consórcio";""
"Delta Auto Moto Escola";"5511944515853";"(11) 94451-5853";"11";"Empresa / B2B";"Automotivo, Construção, Indústria & Logística";"Não";"Delta Auto Moto Escola";""
"dentista jose francisco";"5511972966525";"(11) 97296-6525";"11";"Empresa / B2B";"Saúde, Clínicas & Consultórios";"Sim";"dentista jose francisco";""
"Depósito Az";"551122822018";"(11) 2282-2018";"11";"Empresa / B2B";"Automotivo, Construção, Indústria & Logística";"Sim";"Depósito Az";""
"Destro Digital";"5511971088660";"(11) 97108-8660";"11";"Empresa / B2B";"Agências, Mídia, Gráficas & Tecnologia";"Não";"Destro Digital";""
"Diego Moraes - Studio Dmfitness";"5511940600685";"(11) 94060-0685";"11";"Empresa / B2B";"Educação, Beleza, Fitness & Eventos";"Não";"Diego Moraes - Studio Dmfitness";""
"Digital holder digitalholder";"5511939545395";"(11) 93954-5395";"11";"Empresa / B2B";"Agências, Mídia, Gráficas & Tecnologia";"Não";"Digital holder digitalholder";""
"Ding Publicidade";"5511975059866";"(11) 97505-9866";"11";"Empresa / B2B";"Agências, Mídia, Gráficas & Tecnologia";"Não";"Ding Publicidade";""
"Disk Pizza Maskote";"551140338186";"(11) 4033-8186";"11";"Empresa / B2B";"Comércio, Lojas & Gastronomia";"Sim";"Disk Pizza Maskote";""
"Doce amor confeitaria";"553592718574";"(35) 9271-8574";"35";"Empresa / B2B";"Comércio, Lojas & Gastronomia";"Não";"Doce amor confeitaria";""
"Doce Malícia";"5511926904962";"(11) 92690-4962";"11";"Empresa / B2B";"Comércio, Lojas & Gastronomia";"Não";"Doce Malícia";""
"Doutor Caldeira";"551141370153";"(11) 4137-0153";"11";"Empresa / B2B";"Saúde, Clínicas & Consultórios";"Não";"Doutor Caldeira";""
"Dr edu";"5511951492103";"(11) 95149-2103";"11";"Empresa / B2B";"Saúde, Clínicas & Consultórios";"Não";"Dr edu";""
"Dr Marcia";"5511959002253";"(11) 95900-2253";"11";"Empresa / B2B";"Saúde, Clínicas & Consultórios";"Sim";"Dr Marcia";""
"Dra. Esthela Borgue";"5511933919190";"(11) 93391-9190";"11";"Empresa / B2B";"Saúde, Clínicas & Consultórios";"Não";"Dra. Esthela Borgue";""
"Dra. Jannifer  Melo";"5511940011627";"(11) 94001-1627";"11";"Empresa / B2B";"Saúde, Clínicas & Consultórios";"Não";"Dra. Jannifer  Melo";""
"dreamaker marketing";"5511982959646";"(11) 98295-9646";"11";"Empresa / B2B";"Agências, Mídia, Gráficas & Tecnologia";"Sim";"dreamaker marketing";""
"Drogaria";"5511913198141";"(11) 91319-8141";"11";"Empresa / B2B";"Saúde, Clínicas & Consultórios";"Sim";"Drogaria";""
"Duke Cell";"5511957876878";"(11) 95787-6878";"11";"Empresa / B2B";"Agências, Mídia, Gráficas & Tecnologia";"Não";"Duke Cell";""
"Ea Mídia Digital";"5519996551961";"(19) 99655-1961";"19";"Empresa / B2B";"Agências, Mídia, Gráficas & Tecnologia";"Não";"Ea Mídia Digital";""
"EDM MIDIA";"5519993412295";"(19) 99341-2295";"19";"Empresa / B2B";"Agências, Mídia, Gráficas & Tecnologia";"Não";"EDM MIDIA";""
"Emei Carlota Pereira De Queiroz";"551122822115";"(11) 2282-2115";"11";"Empresa / B2B";"Educação, Beleza, Fitness & Eventos";"Não";"Emei Carlota Pereira De Queiroz";""
"Emera | Marketing e Assessoria";"5511913631009";"(11) 91363-1009";"11";"Empresa / B2B";"Escritórios, Jurídico, Imobiliárias & Gestão";"Não";"Emera | Marketing e Assessoria";""
"Eng Alan Monteiro";"5511947797596";"(11) 94779-7596";"11";"Empresa / B2B";"Automotivo, Construção, Indústria & Logística";"Não";"Eng Alan Monteiro";""
"Eric Araujo Personal";"553597270550";"(35) 9727-0550";"35";"Empresa / B2B";"Educação, Beleza, Fitness & Eventos";"Não";"Eric Araujo Personal";""
"Everton Laser";"5511998238465";"(11) 99823-8465";"11";"Empresa / B2B";"Educação, Beleza, Fitness & Eventos";"Sim";"Everton Laser";""
"exclusiva papelaria";"5511974793399";"(11) 97479-3399";"11";"Empresa / B2B";"Comércio, Lojas & Gastronomia";"Sim";"exclusiva papelaria";""
"Fá Lanches";"5511933928035";"(11) 93392-8035";"11";"Empresa / B2B";"Comércio, Lojas & Gastronomia";"Não";"Fá Lanches";""
"Fabiana - Adecco Recursos Humanos";"5511945381126";"(11) 94538-1126";"11";"Empresa / B2B";"Escritórios, Jurídico, Imobiliárias & Gestão";"Sim";"Fabiana - Adecco Recursos Humanos";""
"fabio 3d";"5511972241140";"(11) 97224-1140";"11";"Empresa / B2B";"Agências, Mídia, Gráficas & Tecnologia";"Sim";"fabio 3d";""
"Fadinha Kids";"5511945624918";"(11) 94562-4918";"11";"Empresa / B2B";"Comércio, Lojas & Gastronomia";"Sim";"Fadinha Kids";""
"FAF CELL PEÇAS - DISTRIBUIDORA";"5511989575973";"(11) 98957-5973";"11";"Empresa / B2B";"Agências, Mídia, Gráficas & Tecnologia";"Sim";"FAF CELL PEÇAS - DISTRIBUIDORA";"Fafy Cell"
"Farmácia Vita Pharma";"5511964706638";"(11) 96470-6638";"11";"Empresa / B2B";"Saúde, Clínicas & Consultórios";"Não";"Farmácia Vita Pharma";""
"Farnesi Digital";"5519998804763";"(19) 99880-4763";"19";"Empresa / B2B";"Agências, Mídia, Gráficas & Tecnologia";"Não";"Farnesi Digital";""
"Farol do Bolo";"5511988134182";"(11) 98813-4182";"11";"Empresa / B2B";"Comércio, Lojas & Gastronomia";"Sim";"Farol do Bolo";""
"Fatima Sindica";"5511962309950";"(11) 96230-9950";"11";"Empresa / B2B";"Escritórios, Jurídico, Imobiliárias & Gestão";"Sim";"Fatima Sindica";""
"Faturamento Unilab Quantum";"5511942955209";"(11) 94295-5209";"11";"Empresa / B2B";"Saúde, Clínicas & Consultórios";"Sim";"Faturamento Unilab Quantum";""
"Fe Lanches";"5511950268626";"(11) 95026-8626";"11";"Empresa / B2B";"Comércio, Lojas & Gastronomia";"Sim";"Fe Lanches";""
"Flávia Enfermagem";"5511969775044";"(11) 96977-5044";"11";"Empresa / B2B";"Saúde, Clínicas & Consultórios";"Sim";"Flávia Enfermagem";""
"Forma Fit";"5511974156472";"(11) 97415-6472";"11";"Empresa / B2B";"Educação, Beleza, Fitness & Eventos";"Não";"Forma Fit";""
"foto acesso";"5511997155025";"(11) 99715-5025";"11";"Empresa / B2B";"Agências, Mídia, Gráficas & Tecnologia";"Sim";"foto acesso";""
"Francisca Souza Comercial Abatex";"5511989939155";"(11) 98993-9155";"11";"Empresa / B2B";"Comércio, Lojas & Gastronomia";"Sim";"Francisca Souza Comercial Abatex";""
"Francisco Print Sedas";"5511932772608";"(11) 93277-2608";"11";"Empresa / B2B";"Agências, Mídia, Gráficas & Tecnologia";"Não";"Francisco Print Sedas";""
"Gabriel Eventos Oficial";"5511971654339";"(11) 97165-4339";"11";"Empresa / B2B";"Educação, Beleza, Fitness & Eventos";"Sim";"Gabriel Eventos Oficial";""
"Geoincorp Lotes";"5511976798705";"(11) 97679-8705";"11";"Empresa / B2B";"Escritórios, Jurídico, Imobiliárias & Gestão";"Não";"Geoincorp Lotes";""
"Gi Autoescola";"5511999270077";"(11) 99927-0077";"11";"Empresa / B2B";"Automotivo, Construção, Indústria & Logística";"Não";"Gi Autoescola";""
"Gil Imoveis LTDA";"5511947326581";"(11) 94732-6581";"11";"Empresa / B2B";"Escritórios, Jurídico, Imobiliárias & Gestão";"Não";"Gil Imoveis LTDA";""
"gilson almeida dentista";"5511976855283";"(11) 97685-5283";"11";"Empresa / B2B";"Saúde, Clínicas & Consultórios";"Sim";"gilson almeida dentista";""
"GRUPO ULTRA EVENTOS";"5511913420909";"(11) 91342-0909";"11";"Empresa / B2B";"Educação, Beleza, Fitness & Eventos";"Não";"GRUPO ULTRA EVENTOS";""
"Happiness Festas - Pegue e Monte";"5512991733759";"(12) 99173-3759";"12";"Empresa / B2B";"Educação, Beleza, Fitness & Eventos";"Não";"Happiness Festas - Pegue e Monte";""
"Henrique Barbershop";"553597249505";"(35) 9724-9505";"35";"Empresa / B2B";"Educação, Beleza, Fitness & Eventos";"Não";"Henrique Barbershop";""
"Hope Adm Pessoal";"553530420813";"(35) 3042-0813";"35";"Empresa / B2B";"Escritórios, Jurídico, Imobiliárias & Gestão";"Sim";"Hope Adm Pessoal";""
"iSolution";"5511995864317";"(11) 99586-4317";"11";"Empresa / B2B";"Agências, Mídia, Gráficas & Tecnologia";"Não";"iSolution";""
"ITP Systems";"5511972207276";"(11) 97220-7276";"11";"Empresa / B2B";"Agências, Mídia, Gráficas & Tecnologia";"Sim";"ITP Systems";""
"Jenifer Pet";"5511969010851";"(11) 96901-0851";"11";"Empresa / B2B";"Saúde, Clínicas & Consultórios";"Sim";"Jenifer Pet";""
"Jenny Pediatria";"5511959070263";"(11) 95907-0263";"11";"Empresa / B2B";"Saúde, Clínicas & Consultórios";"Sim";"Jenny Pediatria";""
"Johnnys Guimarães Advogados";"551140035574";"(11) 4003-5574";"11";"Empresa / B2B";"Escritórios, Jurídico, Imobiliárias & Gestão";"Não";"Johnnys Guimarães Advogados";""
"Jonatan Megacell";"5511949950333";"(11) 94995-0333";"11";"Empresa / B2B";"Agências, Mídia, Gráficas & Tecnologia";"Sim";"Jonatan Megacell";""
"JRS Reformas e Construções";"5511917676399";"(11) 91767-6399";"11";"Empresa / B2B";"Automotivo, Construção, Indústria & Logística";"Não";"JRS Reformas e Construções";""
"Juciana Doces 4 Andar";"5511972112351";"(11) 97211-2351";"11";"Empresa / B2B";"Comércio, Lojas & Gastronomia";"Sim";"Juciana Doces 4 Andar";""
"Kaka Burger";"5511943384300";"(11) 94338-4300";"11";"Empresa / B2B";"Comércio, Lojas & Gastronomia";"Sim";"Kaka Burger";""
"Karina Carandina - Editora";"5511987333532";"(11) 98733-3532";"11";"Empresa / B2B";"Agências, Mídia, Gráficas & Tecnologia";"Não";"Karina Carandina - Editora";""
"Kinkan Confeitaria";"5511943163844";"(11) 94316-3844";"11";"Empresa / B2B";"Comércio, Lojas & Gastronomia";"Não";"Kinkan Confeitaria";""
"L C C Brasil Motos";"5519982884693";"(19) 98288-4693";"19";"Empresa / B2B";"Automotivo, Construção, Indústria & Logística";"Não";"L C C Brasil Motos";""
"L FERNANDES SERVIÇOS CONDOMINIAIS E EMPRESARIAIS";"5511947344790";"(11) 94734-4790";"11";"Empresa / B2B";"Escritórios, Jurídico, Imobiliárias & Gestão";"Não";"L FERNANDES SERVIÇOS CONDOMINIAIS E EMPRESARIAIS";""
"Laboratório CBI";"5511998672493";"(11) 99867-2493";"11";"Empresa / B2B";"Saúde, Clínicas & Consultórios";"Não";"Laboratório CBI";""
"Larissa - Departamento Pessoal";"5511999718928";"(11) 99971-8928";"11";"Empresa / B2B";"Escritórios, Jurídico, Imobiliárias & Gestão";"Sim";"Larissa - Departamento Pessoal";""
"larissa adecco";"5511922034362";"(11) 92203-4362";"11";"Empresa / B2B";"Escritórios, Jurídico, Imobiliárias & Gestão";"Sim";"larissa adecco";""
"Lh Content";"5511945943789";"(11) 94594-3789";"11";"Empresa / B2B";"Agências, Mídia, Gráficas & Tecnologia";"Não";"Lh Content";""
"Lu Do Bazar";"5511998002916";"(11) 99800-2916";"11";"Empresa / B2B";"Comércio, Lojas & Gastronomia";"Sim";"Lu Do Bazar";""
"Lucas E.L Decorações";"5519996100192";"(19) 99610-0192";"19";"Empresa / B2B";"Comércio, Lojas & Gastronomia";"Não";"Lucas E.L Decorações";""
"Lucas Marketing";"5511988878552";"(11) 98887-8552";"11";"Empresa / B2B";"Agências, Mídia, Gráficas & Tecnologia";"Sim";"Lucas Marketing";""
"Lucca vidros";"5511914853815";"(11) 91485-3815";"11";"Empresa / B2B";"Automotivo, Construção, Indústria & Logística";"Não";"Lucca vidros";""
"Magali Bolos";"5511957808058";"(11) 95780-8058";"11";"Empresa / B2B";"Comércio, Lojas & Gastronomia";"Sim";"Magali Bolos";""
"Maggenta Brindes Promocionais";"5511993303533";"(11) 99330-3533";"11";"Empresa / B2B";"Comércio, Lojas & Gastronomia";"Não";"Maggenta Brindes Promocionais";""
"Magic Doces";"5511987519291";"(11) 98751-9291";"11";"Empresa / B2B";"Comércio, Lojas & Gastronomia";"Sim";"Magic Doces";""
"Maná Hamburgueria";"5511977376096";"(11) 97737-6096";"11";"Empresa / B2B";"Comércio, Lojas & Gastronomia";"Não";"Maná Hamburgueria";""
"Marchē Papelaria";"551140343244";"(11) 4034-3244";"11";"Empresa / B2B";"Comércio, Lojas & Gastronomia";"Sim";"Marchē Papelaria";""
"Marcio - Fast Módulos";"5511910245460";"(11) 91024-5460";"11";"Empresa / B2B";"Automotivo, Construção, Indústria & Logística";"Não";"Marcio - Fast Módulos";""
"Marcomp";"5511947341876";"(11) 94734-1876";"11";"Empresa / B2B";"Agências, Mídia, Gráficas & Tecnologia";"Não";"Marcomp";""
"Mari - Colecta Digital [Atendimento]";"5519999160514";"(19) 99916-0514";"19";"Empresa / B2B";"Agências, Mídia, Gráficas & Tecnologia";"Não";"Mari - Colecta Digital [Atendimento]";""
"mari tranças";"5511949082201";"(11) 94908-2201";"11";"Empresa / B2B";"Educação, Beleza, Fitness & Eventos";"Não";"mari tranças";""
"Marketing";"5519993832455";"(19) 99383-2455";"19";"Empresa / B2B";"Agências, Mídia, Gráficas & Tecnologia";"Não";"Marketing";""
"Martech | Conectando pessoas a lugares";"5519997600063";"(19) 99760-0063";"19";"Empresa / B2B";"Agências, Mídia, Gráficas & Tecnologia";"Não";"Martech | Conectando pessoas a lugares";""
"matsumoto vidros";"5511944658269";"(11) 94465-8269";"11";"Empresa / B2B";"Automotivo, Construção, Indústria & Logística";"Sim";"matsumoto vidros";""
"Mega Robô De Led";"5511995612606";"(11) 99561-2606";"11";"Empresa / B2B";"Educação, Beleza, Fitness & Eventos";"Não";"Mega Robô De Led";""
"Mercado";"5511977459667";"(11) 97745-9667";"11";"Empresa / B2B";"Comércio, Lojas & Gastronomia";"Sim";"Mercado";""
"Milk Shake João Franco";"5511996359556";"(11) 99635-9556";"11";"Empresa / B2B";"Comércio, Lojas & Gastronomia";"Sim";"Milk Shake João Franco";""
"Mix Print";"5511968830188";"(11) 96883-0188";"11";"Empresa / B2B";"Agências, Mídia, Gráficas & Tecnologia";"Sim";"Mix Print";""
"Mogi Jet&Car Voltz - Mogi Guaçu";"5519998835473";"(19) 99883-5473";"19";"Empresa / B2B";"Automotivo, Construção, Indústria & Logística";"Não";"Mogi Jet&Car Voltz - Mogi Guaçu";""
"Moisés França Vértice imóveis";"5511956962795";"(11) 95696-2795";"11";"Empresa / B2B";"Escritórios, Jurídico, Imobiliárias & Gestão";"Não";"Moisés França Vértice imóveis";""
"Moraes express";"5511972735911";"(11) 97273-5911";"11";"Empresa / B2B";"Automotivo, Construção, Indústria & Logística";"Sim";"Moraes express";""
"Motorbass Ferramentas!";"5511974142776";"(11) 97414-2776";"11";"Empresa / B2B";"Automotivo, Construção, Indústria & Logística";"Não";"Motorbass Ferramentas!";""
"Motoyama com a Velot Motors";"5511916259590";"(11) 91625-9590";"11";"Empresa / B2B";"Automotivo, Construção, Indústria & Logística";"Não";"Motoyama com a Velot Motors";""
"ms fitness";"5511974311820";"(11) 97431-1820";"11";"Empresa / B2B";"Educação, Beleza, Fitness & Eventos";"Sim";"ms fitness";""
"Multi Service Recursos Humanos";"5535910033409";"(35) 91003-3409";"35";"Empresa / B2B";"Escritórios, Jurídico, Imobiliárias & Gestão";"Não";"Multi Service Recursos Humanos";""
"Nayara Enfermagem";"5511994153553";"(11) 99415-3553";"11";"Empresa / B2B";"Saúde, Clínicas & Consultórios";"Sim";"Nayara Enfermagem";""
"Neres Assistencia Tecnica";"5511966598260";"(11) 96659-8260";"11";"Empresa / B2B";"Agências, Mídia, Gráficas & Tecnologia";"Sim";"Neres Assistencia Tecnica";""
"Nicho Digital";"5519971595254";"(19) 97159-5254";"19";"Empresa / B2B";"Agências, Mídia, Gráficas & Tecnologia";"Não";"Nicho Digital";""
"Noe-ser modas evangélicas";"5511979910621";"(11) 97991-0621";"11";"Empresa / B2B";"Comércio, Lojas & Gastronomia";"Sim";"Noe-ser modas evangélicas";""
"Nova Hera Imóveis";"5511926676787";"(11) 92667-6787";"11";"Empresa / B2B";"Escritórios, Jurídico, Imobiliárias & Gestão";"Não";"Nova Hera Imóveis";""
"Ortoclin Clínica Medica";"5511974804585";"(11) 97480-4585";"11";"Empresa / B2B";"Saúde, Clínicas & Consultórios";"Não";"Ortoclin Clínica Medica";""
"OSMANI CAMINHÕES";"551143961937";"(11) 4396-1937";"11";"Empresa / B2B";"Automotivo, Construção, Indústria & Logística";"Não";"OSMANI CAMINHÕES";""
"paluli modas";"5511939385571";"(11) 93938-5571";"11";"Empresa / B2B";"Comércio, Lojas & Gastronomia";"Não";"paluli modas";""
"Panobianco Academia Unidade Bragança Paulista";"5511994032587";"(11) 99403-2587";"11";"Empresa / B2B";"Educação, Beleza, Fitness & Eventos";"Sim";"Panobianco Academia Unidade Bragança Paulista";""
"Paula - Bragança Embalagens";"5511930309655";"(11) 93030-9655";"11";"Empresa / B2B";"Comércio, Lojas & Gastronomia";"Não";"Paula - Bragança Embalagens";""
"Paula Gomes da Compacta Print";"5511999226282";"(11) 99922-6282";"11";"Empresa / B2B";"Agências, Mídia, Gráficas & Tecnologia";"Não";"Paula Gomes da Compacta Print";""
"PAULA RAIANA • NAIL DESIGNER";"5511948293543";"(11) 94829-3543";"11";"Empresa / B2B";"Agências, Mídia, Gráficas & Tecnologia";"Sim";"PAULA RAIANA • NAIL DESIGNER";""
"PEC Projeto Especialista em Capacitação";"5511962706799";"(11) 96270-6799";"11";"Empresa / B2B";"Educação, Beleza, Fitness & Eventos";"Não";"PEC Projeto Especialista em Capacitação";""
"Perrotta Advogados";"5519981953265";"(19) 98195-3265";"19";"Empresa / B2B";"Escritórios, Jurídico, Imobiliárias & Gestão";"Não";"Perrotta Advogados";""
"Pet Sami";"5511937333502";"(11) 93733-3502";"11";"Empresa / B2B";"Saúde, Clínicas & Consultórios";"Não";"Pet Sami";""
"Petsim Norte Sul";"551150750900";"(11) 5075-0900";"11";"Empresa / B2B";"Saúde, Clínicas & Consultórios";"Não";"Petsim Norte Sul";""
"Pizzaria e Esfiharia Da Vila";"5511942116369";"(11) 94211-6369";"11";"Empresa / B2B";"Comércio, Lojas & Gastronomia";"Sim";"Pizzaria e Esfiharia Da Vila";""
"PointChip";"5511987180481";"(11) 98718-0481";"11";"Empresa / B2B";"Agências, Mídia, Gráficas & Tecnologia";"Sim";"PointChip";""
"Polymat / Guaialajes";"5511965752800";"(11) 96575-2800";"11";"Empresa / B2B";"Automotivo, Construção, Indústria & Logística";"Sim";"Polymat / Guaialajes";""
"ponto certo embalagens";"5511933872271";"(11) 93387-2271";"11";"Empresa / B2B";"Comércio, Lojas & Gastronomia";"Sim";"ponto certo embalagens";""
"Priscila Oculos";"5511975644123";"(11) 97564-4123";"11";"Empresa / B2B";"Comércio, Lojas & Gastronomia";"Sim";"Priscila Oculos";""
"Publicidade Campinas";"5519984155832";"(19) 98415-5832";"19";"Empresa / B2B";"Agências, Mídia, Gráficas & Tecnologia";"Não";"Publicidade Campinas";""
"Puro Cioccolato Loja Jd Fraternidade";"5511957796695";"(11) 95779-6695";"11";"Empresa / B2B";"Comércio, Lojas & Gastronomia";"Não";"Puro Cioccolato Loja Jd Fraternidade";""
"Quintal do Espeto";"5511983140100";"(11) 98314-0100";"11";"Empresa / B2B";"Comércio, Lojas & Gastronomia";"Não";"Quintal do Espeto";""
"R S transportes";"5511975960851";"(11) 97596-0851";"11";"Empresa / B2B";"Automotivo, Construção, Indústria & Logística";"Sim";"R S transportes";""
"R5 Academy";"5511986485492";"(11) 98648-5492";"11";"Empresa / B2B";"Educação, Beleza, Fitness & Eventos";"Não";"R5 Academy";""
"Radioclínica Bragança";"5511988359179";"(11) 98835-9179";"11";"Empresa / B2B";"Saúde, Clínicas & Consultórios";"Não";"Radioclínica Bragança";""
"Rafael - Emc Tecnologia";"5511943562070";"(11) 94356-2070";"11";"Empresa / B2B";"Agências, Mídia, Gráficas & Tecnologia";"Sim";"Rafael - Emc Tecnologia";""
"Rafael detetive";"5511918249873";"(11) 91824-9873";"11";"Empresa / B2B";"Escritórios, Jurídico, Imobiliárias & Gestão";"Não";"Rafael detetive";""
"Raio Beauty";"5511998042581";"(11) 99804-2581";"11";"Empresa / B2B";"Educação, Beleza, Fitness & Eventos";"Não";"Raio Beauty";""
"Recanto Premier Guararema";"5511974317434";"(11) 97431-7434";"11";"Empresa / B2B";"Educação, Beleza, Fitness & Eventos";"Não";"Recanto Premier Guararema";""
"Recepcao Unilab Husf";"5511934832256";"(11) 93483-2256";"11";"Empresa / B2B";"Saúde, Clínicas & Consultórios";"Não";"Recepcao Unilab Husf";""
"RESERVAS - Pousada Casa de Bragança";"551140341249";"(11) 4034-1249";"11";"Empresa / B2B";"Educação, Beleza, Fitness & Eventos";"Sim";"RESERVAS - Pousada Casa de Bragança";""
"Ronaldo Veículos";"5519999761550";"(19) 99976-1550";"19";"Empresa / B2B";"Automotivo, Construção, Indústria & Logística";"Não";"Ronaldo Veículos";""
"Sabrina - Hidrofiber do Brasil";"5511947656997";"(11) 94765-6997";"11";"Empresa / B2B";"Automotivo, Construção, Indústria & Logística";"Não";"Sabrina - Hidrofiber do Brasil";""
"Sampa Digital";"5519988883764";"(19) 98888-3764";"19";"Empresa / B2B";"Agências, Mídia, Gráficas & Tecnologia";"Não";"Sampa Digital";""
"Samya ID Logistics";"553584164866";"(35) 8416-4866";"35";"Empresa / B2B";"Automotivo, Construção, Indústria & Logística";"Sim";"Samya ID Logistics";""
"San Art Tattoo";"5511954962420";"(11) 95496-2420";"11";"Empresa / B2B";"Educação, Beleza, Fitness & Eventos";"Não";"San Art Tattoo";""
"Saúde Ocupacional - White Martins - SP";"5511996494265";"(11) 99649-4265";"11";"Empresa / B2B";"Saúde, Clínicas & Consultórios";"Não";"Saúde Ocupacional - White Martins - SP";""
"Set Light Gráfica e Copiadora";"5511957055336";"(11) 95705-5336";"11";"Empresa / B2B";"Agências, Mídia, Gráficas & Tecnologia";"Não";"Set Light Gráfica e Copiadora";""
"Shark Fitness";"5511999615014";"(11) 99961-5014";"11";"Empresa / B2B";"Educação, Beleza, Fitness & Eventos";"Não";"Shark Fitness";""
"Sidnei e Paula Salgados";"5511968463551";"(11) 96846-3551";"11";"Empresa / B2B";"Comércio, Lojas & Gastronomia";"Não";"Sidnei e Paula Salgados";""
"Silva Forte assessoria de trânsito.";"5511972502056";"(11) 97250-2056";"11";"Empresa / B2B";"Escritórios, Jurídico, Imobiliárias & Gestão";"Não";"Silva Forte assessoria de trânsito.";""
"Simea | Corretora de Imóveis";"5511939269407";"(11) 93926-9407";"11";"Empresa / B2B";"Escritórios, Jurídico, Imobiliárias & Gestão";"Não";"Simea | Corretora de Imóveis";""
"Sindica Marta";"5511997863048";"(11) 99786-3048";"11";"Empresa / B2B";"Escritórios, Jurídico, Imobiliárias & Gestão";"Sim";"Sindica Marta";""
"Sonic Rodas";"551144612103";"(11) 4461-2103";"11";"Empresa / B2B";"Automotivo, Construção, Indústria & Logística";"Não";"Sonic Rodas";""
"Spa di Beleza Carina Elen";"5511955707088";"(11) 95570-7088";"11";"Empresa / B2B";"Educação, Beleza, Fitness & Eventos";"Sim";"Spa di Beleza Carina Elen";""
"Studio Ariani Christina Nail designer";"5511984991309";"(11) 98499-1309";"11";"Empresa / B2B";"Agências, Mídia, Gráficas & Tecnologia";"Sim";"Studio Ariani Christina Nail designer";""
"Super Reforço Escolar";"5511988706186";"(11) 98870-6186";"11";"Empresa / B2B";"Educação, Beleza, Fitness & Eventos";"Não";"Super Reforço Escolar";""
"Tech Solutions Pro LTDA";"5511937039913";"(11) 93703-9913";"11";"Empresa / B2B";"Agências, Mídia, Gráficas & Tecnologia";"Não";"Tech Solutions Pro LTDA";""
"Telcabos - Suporte Comercial";"5511916220819";"(11) 91622-0819";"11";"Empresa / B2B";"Agências, Mídia, Gráficas & Tecnologia";"Não";"Telcabos - Suporte Comercial";""
"Thiago Samasso Veículos";"551938810006";"(19) 3881-0006";"19";"Empresa / B2B";"Automotivo, Construção, Indústria & Logística";"Não";"Thiago Samasso Veículos";""
"Tiago Cia de Talentos";"5511911503173";"(11) 91150-3173";"11";"Empresa / B2B";"Escritórios, Jurídico, Imobiliárias & Gestão";"Sim";"Tiago Cia de Talentos";""
"Tuchê Digital";"5511984587367";"(11) 98458-7367";"11";"Empresa / B2B";"Agências, Mídia, Gráficas & Tecnologia";"Não";"Tuchê Digital";""
"Unimagem Garden";"5511949797314";"(11) 94979-7314";"11";"Empresa / B2B";"Saúde, Clínicas & Consultórios";"Não";"Unimagem Garden";""
"UNIMAGEM GARDEN SHOPPING";"5511974223503";"(11) 97422-3503";"11";"Empresa / B2B";"Saúde, Clínicas & Consultórios";"Sim";"UNIMAGEM GARDEN SHOPPING";""
"Unimagem Hemodinâmica Husf";"5511993123916";"(11) 99312-3916";"11";"Empresa / B2B";"Saúde, Clínicas & Consultórios";"Não";"Unimagem Hemodinâmica Husf";""
"V2BMKT | Soluções em Marketing";"5511921884828";"(11) 92188-4828";"11";"Empresa / B2B";"Agências, Mídia, Gráficas & Tecnologia";"Não";"V2BMKT | Soluções em Marketing";""
"Valem Odontologia & Estética";"5511993495523";"(11) 99349-5523";"11";"Empresa / B2B";"Saúde, Clínicas & Consultórios";"Não";"Valem Odontologia & Estética";""
"Verônica Ava Multiserviços";"5511997642631";"(11) 99764-2631";"11";"Empresa / B2B";"Automotivo, Construção, Indústria & Logística";"Sim";"Verônica Ava Multiserviços";""
"Veterinária Bragança";"5511996146378";"(11) 99614-6378";"11";"Empresa / B2B";"Saúde, Clínicas & Consultórios";"Não";"Veterinária Bragança";""
"Victor Ramon - Corretor de Imóveis";"5512992599090";"(12) 99259-9090";"12";"Empresa / B2B";"Escritórios, Jurídico, Imobiliárias & Gestão";"Não";"Victor Ramon - Corretor de Imóveis";""
"Vision Veículos";"5512996411899";"(12) 99641-1899";"12";"Empresa / B2B";"Automotivo, Construção, Indústria & Logística";"Não";"Vision Veículos";""
"Voe Agência";"5511930636407";"(11) 93063-6407";"11";"Empresa / B2B";"Agências, Mídia, Gráficas & Tecnologia";"Não";"Voe Agência";""
"Vr Multimarcas Mogi Mirim Sp";"5519974177022";"(19) 97417-7022";"19";"Empresa / B2B";"Automotivo, Construção, Indústria & Logística";"Não";"Vr Multimarcas Mogi Mirim Sp";""
"Will Designer";"5511957214230";"(11) 95721-4230";"11";"Empresa / B2B";"Agências, Mídia, Gráficas & Tecnologia";"Não";"Will Designer";""
"William multiservice";"5512988213371";"(12) 98821-3371";"12";"Empresa / B2B";"Automotivo, Construção, Indústria & Logística";"Não";"William multiservice";""
"WYLIE TOOLS";"5511984122111";"(11) 98412-2111";"11";"Empresa / B2B";"Automotivo, Construção, Indústria & Logística";"Não";"WYLIE TOOLS";""
"50 Festas e Utilidades";"5513981169517";"(13) 98116-9517";"13";"Empresa / B2B";"Comércio, Lojas & Gastronomia";"Não";"50 Festas e Utilidades";""
"Açai";"557381206890";"(73) 8120-6890";"73";"Empresa / B2B";"Comércio, Lojas & Gastronomia";"Não";"Açai";""
"Alex ALESOL Energia Solar";"553496798494";"(34) 9679-8494";"34";"Empresa / B2B";"Automotivo, Construção, Indústria & Logística";"Não";"Alex ALESOL Energia Solar";""
"Alves Kids";"558496637256";"(84) 9663-7256";"84";"Empresa / B2B";"Comércio, Lojas & Gastronomia";"Não";"Alves Kids";""
"Amauri Motos";"557398291508";"(73) 9829-1508";"73";"Empresa / B2B";"Automotivo, Construção, Indústria & Logística";"Não";"Amauri Motos";""
"Ana 7Ps Digital";"559186065794";"(91) 8606-5794";"91";"Empresa / B2B";"Agências, Mídia, Gráficas & Tecnologia";"Não";"Ana 7Ps Digital";""
"análise evolutiva tecnologia";"556282918610";"(62) 8291-8610";"62";"Empresa / B2B";"Agências, Mídia, Gráficas & Tecnologia";"Não";"análise evolutiva tecnologia";""
"Andresa Moraes - Consultora Comercial";"554421011443";"(44) 2101-1443";"44";"Empresa / B2B";"Comércio, Lojas & Gastronomia";"Não";"Andresa Moraes - Consultora Comercial";""
"Aqui Tem Pechincha";"5527992824990";"(27) 99282-4990";"27";"Empresa / B2B";"Comércio, Lojas & Gastronomia";"Não";"Aqui Tem Pechincha";""
"Araújo Cerqueira Advocacia";"557192522731";"(71) 9252-2731";"71";"Empresa / B2B";"Escritórios, Jurídico, Imobiliárias & Gestão";"Não";"Araújo Cerqueira Advocacia";""
"At Pneus Centro Automotivo Ltda";"5513996114647";"(13) 99611-4647";"13";"Empresa / B2B";"Automotivo, Construção, Indústria & Logística";"Não";"At Pneus Centro Automotivo Ltda";""
"Atendimento digital credsystem";"5515991582895";"(15) 99158-2895";"15";"Empresa / B2B";"Agências, Mídia, Gráficas & Tecnologia";"Não";"Atendimento digital credsystem";""
"Atiimo comercial";"554187955522";"(41) 8795-5522";"41";"Empresa / B2B";"Comércio, Lojas & Gastronomia";"Não";"Atiimo comercial";""
"Bajaj Consórcio Nacional";"551621033536";"(16) 2103-3536";"16";"Empresa / B2B";"Escritórios, Jurídico, Imobiliárias & Gestão";"Não";"Bajaj Consórcio Nacional";""
"Bendita castanhas";"557181493818";"(71) 8149-3818";"71";"Empresa / B2B";"Comércio, Lojas & Gastronomia";"Não";"Bendita castanhas";""
"Br Tattoo";"5524998787111";"(24) 99878-7111";"24";"Empresa / B2B";"Educação, Beleza, Fitness & Eventos";"Não";"Br Tattoo";""
"Brandão celulares";"5518991748383";"(18) 99174-8383";"18";"Empresa / B2B";"Agências, Mídia, Gráficas & Tecnologia";"Não";"Brandão celulares";""
"Carla Cassiana Estetica";"553488689734";"(34) 8868-9734";"34";"Empresa / B2B";"Educação, Beleza, Fitness & Eventos";"Não";"Carla Cassiana Estetica";""
"Caroline Brand Studio";"5521997914496";"(21) 99791-4496";"21";"Empresa / B2B";"Educação, Beleza, Fitness & Eventos";"Não";"Caroline Brand Studio";""
"Ceremonial Bia Festas";"557597088192";"(75) 9708-8192";"75";"Empresa / B2B";"Educação, Beleza, Fitness & Eventos";"Não";"Ceremonial Bia Festas";""
"Cleisiane Carvalho - Nutricionista";"557996604275";"(79) 9660-4275";"79";"Empresa / B2B";"Saúde, Clínicas & Consultórios";"Não";"Cleisiane Carvalho - Nutricionista";""
"consultor Josenildo Alagoas motos";"558291456002";"(82) 9145-6002";"82";"Empresa / B2B";"Automotivo, Construção, Indústria & Logística";"Não";"consultor Josenildo Alagoas motos";""
"Consultora Educacional Eduarda";"553398687389";"(33) 9868-7389";"33";"Empresa / B2B";"Educação, Beleza, Fitness & Eventos";"Não";"Consultora Educacional Eduarda";""
"Consultoria Srs Bureau Juridico";"556281805424";"(62) 8180-5424";"62";"Empresa / B2B";"Escritórios, Jurídico, Imobiliárias & Gestão";"Não";"Consultoria Srs Bureau Juridico";""
"Coutec Digital";"556792079391";"(67) 9207-9391";"67";"Empresa / B2B";"Agências, Mídia, Gráficas & Tecnologia";"Não";"Coutec Digital";""
"deposito do chico";"557193229722";"(71) 9322-9722";"71";"Empresa / B2B";"Automotivo, Construção, Indústria & Logística";"Não";"deposito do chico";""
"Dona Maria Comida Caseira";"556292042547";"(62) 9204-2547";"62";"Empresa / B2B";"Comércio, Lojas & Gastronomia";"Não";"Dona Maria Comida Caseira";""
"Dr Bruno Amaral Hay";"554699725102";"(46) 9972-5102";"46";"Empresa / B2B";"Saúde, Clínicas & Consultórios";"Não";"Dr Bruno Amaral Hay";""
"Dr Leandro Pereira Monteiro";"5521965769241";"(21) 96576-9241";"21";"Empresa / B2B";"Saúde, Clínicas & Consultórios";"Não";"Dr Leandro Pereira Monteiro";""
"Dra Juliana";"5521999562614";"(21) 99956-2614";"21";"Empresa / B2B";"Saúde, Clínicas & Consultórios";"Não";"Dra Juliana";""
"Dra. Nágylla Souza Enfer Esteta";"556194139216";"(61) 9413-9216";"61";"Empresa / B2B";"Saúde, Clínicas & Consultórios";"Não";"Dra. Nágylla Souza Enfer Esteta";""
"Educacional";"553182462176";"(31) 8246-2176";"31";"Empresa / B2B";"Educação, Beleza, Fitness & Eventos";"Não";"Educacional";""
"Eletric Master Maycon Silva";"553388225997";"(33) 8822-5997";"33";"Empresa / B2B";"Automotivo, Construção, Indústria & Logística";"Não";"Eletric Master Maycon Silva";""
"ELEVAT Moda Masculina";"556392988237";"(63) 9298-8237";"63";"Empresa / B2B";"Comércio, Lojas & Gastronomia";"Não";"ELEVAT Moda Masculina";""
"Embarke Tour";"5521994630309";"(21) 99463-0309";"21";"Empresa / B2B";"Educação, Beleza, Fitness & Eventos";"Não";"Embarke Tour";""
"Escritório Lucas Ferreira";"557781632425";"(77) 8163-2425";"77";"Empresa / B2B";"Escritórios, Jurídico, Imobiliárias & Gestão";"Não";"Escritório Lucas Ferreira";""
"Espaçolaser Praiamar";"5513997774285";"(13) 99777-4285";"13";"Empresa / B2B";"Educação, Beleza, Fitness & Eventos";"Não";"Espaçolaser Praiamar";""
"Espionando Fitness";"555392028787";"(53) 9202-8787";"53";"Empresa / B2B";"Educação, Beleza, Fitness & Eventos";"Não";"Espionando Fitness";""
"ETERNIZZE 3D";"558189616655";"(81) 8961-6655";"81";"Empresa / B2B";"Agências, Mídia, Gráficas & Tecnologia";"Não";"ETERNIZZE 3D";""
"Evolutionz Boutique Digital";"554789030722";"(47) 8903-0722";"47";"Empresa / B2B";"Agências, Mídia, Gráficas & Tecnologia";"Não";"Evolutionz Boutique Digital";""
"Extra Maquinas";"556540047888";"(65) 4004-7888";"65";"Empresa / B2B";"Automotivo, Construção, Indústria & Logística";"Não";"Extra Maquinas";""
"Frl Tecnologia";"5547933807020";"(47) 93380-7020";"47";"Empresa / B2B";"Agências, Mídia, Gráficas & Tecnologia";"Não";"Frl Tecnologia";""
"Gabi | DY Fashion";"5524992887805";"(24) 99288-7805";"24";"Empresa / B2B";"Comércio, Lojas & Gastronomia";"Não";"Gabi | DY Fashion";""
"Hellen Desirrê Comercial";"553799435827";"(37) 9943-5827";"37";"Empresa / B2B";"Comércio, Lojas & Gastronomia";"Não";"Hellen Desirrê Comercial";""
"Help Epilacão";"556196405774";"(61) 9640-5774";"61";"Empresa / B2B";"Educação, Beleza, Fitness & Eventos";"Não";"Help Epilacão";""
"Hotel Rieger";"554797771779";"(47) 9777-1779";"47";"Empresa / B2B";"Educação, Beleza, Fitness & Eventos";"Não";"Hotel Rieger";""
"Imobiliária Roberta Imóveis";"5521986337011";"(21) 98633-7011";"21";"Empresa / B2B";"Escritórios, Jurídico, Imobiliárias & Gestão";"Não";"Imobiliária Roberta Imóveis";""
"Inga Cup indústria de copos";"554431234300";"(44) 3123-4300";"44";"Empresa / B2B";"Automotivo, Construção, Indústria & Logística";"Não";"Inga Cup indústria de copos";""
"Instituto Dr. Anderson Lima - Cuidado Além da Pele";"558188012772";"(81) 8801-2772";"81";"Empresa / B2B";"Saúde, Clínicas & Consultórios";"Não";"Instituto Dr. Anderson Lima - Cuidado Além da Pele";""
"Isabela Marzano | Especialista em Energia Energia Solar";"553171794675";"(31) 7179-4675";"31";"Empresa / B2B";"Automotivo, Construção, Indústria & Logística";"Não";"Isabela Marzano | Especialista em Energia Energia Solar";""
"Ivo Cardoso ImobMaxx";"556193188033";"(61) 9318-8033";"61";"Empresa / B2B";"Escritórios, Jurídico, Imobiliárias & Gestão";"Não";"Ivo Cardoso ImobMaxx";""
"Jcs Jr advogados";"554188149739";"(41) 8814-9739";"41";"Empresa / B2B";"Escritórios, Jurídico, Imobiliárias & Gestão";"Não";"Jcs Jr advogados";""
"Jeferson Eletrobidu";"553190814425";"(31) 9081-4425";"31";"Empresa / B2B";"Agências, Mídia, Gráficas & Tecnologia";"Não";"Jeferson Eletrobidu";""
"Jeferson Queijaria Ramos";"5587920002017";"(87) 92000-2017";"87";"Empresa / B2B";"Comércio, Lojas & Gastronomia";"Não";"Jeferson Queijaria Ramos";""
"João Baptista | Estrategista Financeiro & Mentor";"5522999180292";"(22) 99918-0292";"22";"Empresa / B2B";"Escritórios, Jurídico, Imobiliárias & Gestão";"Não";"João Baptista | Estrategista Financeiro & Mentor";""
"John's Beer";"554195176688";"(41) 9517-6688";"41";"Empresa / B2B";"Comércio, Lojas & Gastronomia";"Não";"John's Beer";""
"Juan | Marketing Athlos Fit";"5521920186540";"(21) 92018-6540";"21";"Empresa / B2B";"Agências, Mídia, Gráficas & Tecnologia";"Não";"Juan | Marketing Athlos Fit";""
"Julio Santos Fotografia";"5521976049921";"(21) 97604-9921";"21";"Empresa / B2B";"Agências, Mídia, Gráficas & Tecnologia";"Não";"Julio Santos Fotografia";""
"LASERFICANDO  Lydyane Leal";"556392776068";"(63) 9277-6068";"63";"Empresa / B2B";"Educação, Beleza, Fitness & Eventos";"Não";"LASERFICANDO  Lydyane Leal";""
"Lb Finanças";"556294607073";"(62) 9460-7073";"62";"Empresa / B2B";"Escritórios, Jurídico, Imobiliárias & Gestão";"Não";"Lb Finanças";""
"Lorena Mattos - Medicina Felina";"554188029986";"(41) 8802-9986";"41";"Empresa / B2B";"Saúde, Clínicas & Consultórios";"Não";"Lorena Mattos - Medicina Felina";""
"Lourdes Baquet Decoração e paisagismo";"554188906313";"(41) 8890-6313";"41";"Empresa / B2B";"Comércio, Lojas & Gastronomia";"Não";"Lourdes Baquet Decoração e paisagismo";""
"Ls Manutenção de Eletrodomésticos";"557183920233";"(71) 8392-0233";"71";"Empresa / B2B";"Automotivo, Construção, Indústria & Logística";"Não";"Ls Manutenção de Eletrodomésticos";""
"Ls Store";"555196494590";"(51) 9649-4590";"51";"Empresa / B2B";"Comércio, Lojas & Gastronomia";"Não";"Ls Store";""
"Lucas Martins Fisioterapeuta";"5517982066398";"(17) 98206-6398";"17";"Empresa / B2B";"Saúde, Clínicas & Consultórios";"Não";"Lucas Martins Fisioterapeuta";""
"Lucas/ Vander Prestadora De Serviços";"554196856866";"(41) 9685-6866";"41";"Empresa / B2B";"Automotivo, Construção, Indústria & Logística";"Não";"Lucas/ Vander Prestadora De Serviços";""
"LUNARIE PERFUMES";"556599131716";"(65) 9913-1716";"65";"Empresa / B2B";"Comércio, Lojas & Gastronomia";"Não";"LUNARIE PERFUMES";""
"Maiquel Scalon Machado - Engenheiro Mecânico";"555499897293";"(54) 9989-7293";"54";"Empresa / B2B";"Automotivo, Construção, Indústria & Logística";"Não";"Maiquel Scalon Machado - Engenheiro Mecânico";""
"Mar&Luz Store";"5524992927636";"(24) 99292-7636";"24";"Empresa / B2B";"Comércio, Lojas & Gastronomia";"Não";"Mar&Luz Store";""
"Marcelo Blazius Corretor";"554896836803";"(48) 9683-6803";"48";"Empresa / B2B";"Escritórios, Jurídico, Imobiliárias & Gestão";"Não";"Marcelo Blazius Corretor";""
"Mario Duarte | Agencia Make";"555584770976";"(55) 8477-0976";"55";"Empresa / B2B";"Agências, Mídia, Gráficas & Tecnologia";"Não";"Mario Duarte | Agencia Make";""
"Matheus Representante Comercial";"553199851381";"(31) 9985-1381";"31";"Empresa / B2B";"Comércio, Lojas & Gastronomia";"Não";"Matheus Representante Comercial";""
"Matheus Tecnologia da Informação";"554734196431";"(47) 3419-6431";"47";"Empresa / B2B";"Agências, Mídia, Gráficas & Tecnologia";"Não";"Matheus Tecnologia da Informação";""
"Morada Móveis - Rota Moveleira";"554736347600";"(47) 3634-7600";"47";"Empresa / B2B";"Comércio, Lojas & Gastronomia";"Não";"Morada Móveis - Rota Moveleira";""
"MR Material de Construção.";"557998674912";"(79) 9867-4912";"79";"Empresa / B2B";"Automotivo, Construção, Indústria & Logística";"Não";"MR Material de Construção.";""
"Pedro Carlos - Consultor EletroBidu Energia Solar";"553197018554";"(31) 9701-8554";"31";"Empresa / B2B";"Agências, Mídia, Gráficas & Tecnologia";"Não";"Pedro Carlos - Consultor EletroBidu Energia Solar";""
"Radiante Moda praia";"5521990694850";"(21) 99069-4850";"21";"Empresa / B2B";"Comércio, Lojas & Gastronomia";"Não";"Radiante Moda praia";""
"Rapport Tecnologia";"558585205490";"(85) 8520-5490";"85";"Empresa / B2B";"Agências, Mídia, Gráficas & Tecnologia";"Não";"Rapport Tecnologia";""
"Renascer Moda";"556286057774";"(62) 8605-7774";"62";"Empresa / B2B";"Comércio, Lojas & Gastronomia";"Não";"Renascer Moda";""
"Reservas Monan Boutique Hotel";"558293248436";"(82) 9324-8436";"82";"Empresa / B2B";"Educação, Beleza, Fitness & Eventos";"Não";"Reservas Monan Boutique Hotel";""
"Riquel E Albuquerque Engenharia";"5521981260393";"(21) 98126-0393";"21";"Empresa / B2B";"Automotivo, Construção, Indústria & Logística";"Não";"Riquel E Albuquerque Engenharia";""
"SC STORE";"556993537600";"(69) 9353-7600";"69";"Empresa / B2B";"Comércio, Lojas & Gastronomia";"Não";"SC STORE";""
"serviços eletrônicos evhe";"555591011531";"(55) 9101-1531";"55";"Empresa / B2B";"Agências, Mídia, Gráficas & Tecnologia";"Não";"serviços eletrônicos evhe";""
"Setor financeiro";"554792698232";"(47) 9269-8232";"47";"Empresa / B2B";"Escritórios, Jurídico, Imobiliárias & Gestão";"Não";"Setor financeiro";""
"Seven7 Digital";"554187845625";"(41) 8784-5625";"41";"Empresa / B2B";"Agências, Mídia, Gráficas & Tecnologia";"Não";"Seven7 Digital";""
"Sophia | Runway Digital";"554892227030";"(48) 9222-7030";"48";"Empresa / B2B";"Agências, Mídia, Gráficas & Tecnologia";"Não";"Sophia | Runway Digital";""
"Strass Comercial";"554797834473";"(47) 9783-4473";"47";"Empresa / B2B";"Comércio, Lojas & Gastronomia";"Não";"Strass Comercial";""
"Studio PC3D";"553399623805";"(33) 9962-3805";"33";"Empresa / B2B";"Agências, Mídia, Gráficas & Tecnologia";"Não";"Studio PC3D";""
"Studio Xavier Barber Shop";"556293882758";"(62) 9388-2758";"62";"Empresa / B2B";"Comércio, Lojas & Gastronomia";"Não";"Studio Xavier Barber Shop";""
"Vanessa Gomes - Personal / Consultoria";"559198323620";"(91) 9832-3620";"91";"Empresa / B2B";"Escritórios, Jurídico, Imobiliárias & Gestão";"Não";"Vanessa Gomes - Personal / Consultoria";""
"Vinicius Carros Auto Center";"554998043981";"(49) 9804-3981";"49";"Empresa / B2B";"Automotivo, Construção, Indústria & Logística";"Não";"Vinicius Carros Auto Center";""
"Yara Vona Oderço Distribuidora";"554421011396";"(44) 2101-1396";"44";"Empresa / B2B";"Automotivo, Construção, Indústria & Logística";"Não";"Yara Vona Oderço Distribuidora";""